{
  "pools": [
    {
      "rolls": 1,
      "entries": [
        {
          "type": "minecraft:item",
          "name": "minecraft:poisonous_potato",
          "functions": [
            {
              "function": "minecraft:set_components",
              "components": {
                "minecraft:item_name": {
                  "text": "Gathering Swarm"
                },
                "minecraft:lore": [
                  [
                    {
                      "text": "0 ",
                      "font": "thallium:icon",
                      "italic": false,
                      "color": "white"
                    },
                    {
                      "translate": "ui.thallium.title",
                      "font": "thallium:tooltip"
                    }
                  ],
                  {
                    "translate": "item.thallium.trinket.description",
                    "italic": false,
                    "color": "gray",
                    "with": [
                      {
                        "translate": "item.thallium.trinket_pouch",
                        "color": "#a9dd52"
                      }
                    ]
                  },
                  {
                    "translate": "item.thallium.trinket.weight",
                    "color": "#6caf3e",
                    "italic": false,
                    "with": [
                      "20"
                    ]
                  },
                  {
                    "text": "Template Trinket",
                    "color": "dark_gray",
                    "italic": false
                  },
                  "",
                  {
                    "translate": "item.thallium.trinket.header",
                    "color": "#a9dd52",
                    "italic": false
                  },
                  {
                    "text": " Does nothing, certainly!",
                    "color": "gray",
                    "italic": false
                  },
                  {
                    "text": " ...Second line...",
                    "color": "gray",
                    "italic": false
                  },
                  {
                    "text": " ...Third line!",
                    "color": "gray",
                    "italic": false
                  }
                ],
                "minecraft:item_model": "minecraft:fermented_spider_eye",
                "minecraft:max_stack_size": 5,
                "!minecraft:consumable": {},
                "minecraft:custom_data": {
                  "thallium": {
                    "id": "gathering_swarm",
                    "trinket": {
                        "tooltip": [
                        {
                          "text": "Gathering Swarm",
                          "italic": false,
                          "color": "white"
                        },
                        {
                          "text": " Does nothing, certainly!",
                          "italic": false,
                          "color": "gray"
                        },
                        {
                          "text": " ...Second line...",
                          "italic": false,
                          "color": "gray"
                        },
                        {
                          "text": " ...Third line!",
                          "italic": false,
                          "color": "gray"
                        }
                      ]
                    }
                  },
                  "smithed": {
                    "ignore": {
                      "functionality": true,
                      "crafting": true
                    }
                  }
                }
              }
            },
            {
              "function": "minecraft:copy_custom_data",
              "source": {
                "type": "minecraft:storage",
                "source": "thallium:storage"
              },
              "ops": [
                {
                  "source": "root.random",
                  "target": "thallium.unique_id",
                  "op": "replace"
                }
              ]
            }
          ]
        }
      ]
    }
  ]
}