{
  "criteria": {
    "requirement": {
      "trigger": "minecraft:placed_block",
      "conditions": {
        "location": [
          {
            "condition": "minecraft:location_check",
            "predicate": {
              "block": {
                "predicates": {
                  "minecraft:custom_data": {
                    "thallium": {
                      "block": {}
                    }
                  }
                }
              }
            }
          }
        ]
      }
    }
  },
  "rewards": {
    "function": "thallium:block/place/start"
  }
}
