{
  "condition": "minecraft:any_of",
  "terms": [
    {
      "condition": "minecraft:inverted",
      "term": {
        "condition": "minecraft:entity_properties",
        "entity": "this",
        "predicate": {
          "equipment": {
            "mainhand": {
              "predicates": {
                "minecraft:enchantments": [
                  {
                    "enchantments": "minecraft:unbreaking"
                  }
                ]
              }
            }
          }
        }
      }
    },
    {
      "condition": "minecraft:all_of",
      "terms": [
        {
          "condition": "minecraft:random_chance",
          "chance": 0.5
        },
        {
          "condition": "minecraft:entity_properties",
          "entity": "this",
          "predicate": {
            "equipment": {
              "mainhand": {
                "predicates": {
                  "minecraft:enchantments": [
                    {
                      "enchantments": "minecraft:unbreaking",
                      "levels": 0
                    }
                  ]
                }
              }
            }
          }
        }
      ]
    },
    {
      "condition": "minecraft:all_of",
      "terms": [
        {
          "condition": "minecraft:random_chance",
          "chance": 0.33
        },
        {
          "condition": "minecraft:entity_properties",
          "entity": "this",
          "predicate": {
            "equipment": {
              "mainhand": {
                "predicates": {
                  "minecraft:enchantments": [
                    {
                      "enchantments": "minecraft:unbreaking",
                      "levels": 1
                    }
                  ]
                }
              }
            }
          }
        }
      ]
    },
    {
      "condition": "minecraft:all_of",
      "terms": [
        {
          "condition": "minecraft:random_chance",
          "chance": 0.25
        },
        {
          "condition": "minecraft:entity_properties",
          "entity": "this",
          "predicate": {
            "equipment": {
              "mainhand": {
                "predicates": {
                  "minecraft:enchantments": [
                    {
                      "enchantments": "minecraft:unbreaking",
                      "levels": {
                        "min": 2
                      }
                    }
                  ]
                }
              }
            }
          }
        }
      ]
    }
  ]
}